step,action9,z1_action9,target_gripper,actual_gripper,gripper_error_rad,ik_source,last_error
0,-1.5722659826278687,-1.572265625,-1.572266,-0.020254,-1.55201162584126,,no_action
1,-1.5722659826278687,-1.572265625,-1.572266,-0.020254,-1.55201162584126,,no_action
2,-1.5722659826278687,-1.572265625,-1.572266,-0.020254,-1.55201162584126,,no_action
3,-1.5722659826278687,-1.572265625,-1.572266,-0.020254,-1.55201162584126,,
4,-1.5722659826278687,-1.572265625,-1.572266,-0.020254,-1.55201162584126,,
5,-1.5712889432907104,-1.5712890625,-1.571289,-0.020254,-1.55103506334126,,
6,-1.5703120231628418,-1.5703125,-1.570312,-0.020254,-1.55005850084126,,
7,-1.5703120231628418,-1.5703125,-1.570312,-0.022898,-1.5474145002663136,hold:soft,
8,-1.5712889432907104,-1.5712890625,-1.571289,-0.022898,-1.5483910627663136,hold:soft,
9,-1.5712889432907104,-1.5712890625,-1.571289,-0.030367,-1.540922062471509,hold:soft,
10,-1.5722659826278687,-1.572265625,-1.572266,-0.030367,-1.541898624971509,hold:soft,
11,-1.5722659826278687,-1.572265625,-1.572266,-0.064398,-1.5078676268458366,hold:soft,
12,-1.5722659826278687,-1.572265625,-1.572266,-0.064398,-1.5078676268458366,soft,
13,-1.5722659826278687,-1.572265625,-1.572266,-0.105308,-1.4669576212763786,hold:soft,
14,-1.5722659826278687,-1.572265625,-1.572266,-0.172219,-1.40004663169384,hold:soft,
15,-1.5722659826278687,-1.572265625,-1.572266,-0.172219,-1.40004663169384,hold:soft,
16,-1.5693360567092896,-1.5693359375,-1.569336,-0.25808,-1.311255931854248,hold:soft,
17,-1.5703120231628418,-1.5703125,-1.570312,-0.25808,-1.312232494354248,hold:soft,
18,-1.567383050918579,-1.5673828125,-1.567383,-0.285143,-1.2822398245334625,soft,
19,-1.566406011581421,-1.56640625,-1.566406,-0.391667,-1.1747392416000366,hold:soft,
20,-1.566406011581421,-1.56640625,-1.566406,-0.397726,-1.1686802506446838,soft,
21,-1.566406011581421,-1.56640625,-1.566406,-0.397726,-1.1686802506446838,soft,
22,-1.567383050918579,-1.5673828125,-1.567383,-0.42968,-1.1377028226852417,hold:local,
23,-1.567383050918579,-1.5673828125,-1.567383,-0.515736,-1.0516468286514282,hold:local,
24,-1.5683590173721313,-1.568359375,-1.568359,-0.584995,-0.9833644032478333,hold:soft,
25,-1.5683590173721313,-1.568359375,-1.568359,-0.589403,-0.978956401348114,soft,soft_ik:p=0.0002;r=2.2;n=10;trajectory_extended:0.1715s
26,-1.5693360567092896,-1.5693359375,-1.569336,-0.589403,-0.979932963848114,soft,
27,-1.5693360567092896,-1.5693359375,-1.569336,-0.589403,-0.979932963848114,soft,
28,-1.5703120231628418,-1.5703125,-1.570312,-0.606807,-0.9635055065155029,soft,soft_ik:p=0.0003;r=3.0;n=10;trajectory_extended:0.3710s
29,-1.5712889432907104,-1.5712890625,-1.571289,-0.66311,-0.9081790447235107,hold:soft,
30,-1.5703120231628418,-1.5703125,-1.570312,-0.675453,-0.8948594927787781,hold:soft,
31,-1.5703120231628418,-1.5703125,-1.570312,-0.728842,-0.84147047996521,hold:global,
32,-1.5693360567092896,-1.5693359375,-1.569336,-0.745172,-0.8241639137268066,hold:global,
33,-1.5703120231628418,-1.5703125,-1.570312,-0.748288,-0.8220245242118835,global,
34,-1.5683590173721313,-1.568359375,-1.568359,-0.751208,-0.8171513676643372,global,
35,-1.5683590173721313,-1.568359375,-1.568359,-0.805771,-0.762588381767273,hold:global,
36,-1.566406011581421,-1.56640625,-1.566406,-0.826892,-0.7395142316818237,hold:global,
37,-1.566406011581421,-1.56640625,-1.566406,-0.882122,-0.6842842698097229,hold:global,
38,-1.567383050918579,-1.5673828125,-1.567383,-0.886039,-0.6813437938690186,hold:global,
39,-1.567383050918579,-1.5673828125,-1.567383,-0.943628,-0.6237547993659973,hold:global,
40,-1.5703120231628418,-1.5703125,-1.570312,-0.988373,-0.5819395184516907,hold:global,
41,-1.5703120231628418,-1.5703125,-1.570312,-0.993353,-0.576959490776062,hold:local,
42,-1.5683590173721313,-1.568359375,-1.568359,-1.050004,-0.5183553695678711,hold:local,
43,-1.567383050918579,-1.5673828125,-1.567383,-1.09885,-0.4685328006744385,hold:local,
44,-1.5683590173721313,-1.568359375,-1.568359,-1.123688,-0.4446713924407959,hold:local,
45,-1.5683590173721313,-1.568359375,-1.568359,-1.156734,-0.41162538528442383,hold:local,
46,-1.4433590173721313,-1.443359375,-1.443359,-1.198228,-0.24513137340545654,hold:local,
47,-1.4296879768371582,-1.4296875,-1.429688,-1.198228,-0.23145949840545654,hold:local,
48,-1.4316409826278687,-1.431640625,-1.431641,-1.24187,-0.18977057933807373,hold:local,
49,-1.402343988418579,-1.40234375,-1.402344,-1.286013,-0.11633074283599854,hold:local,
50,-1.4091800451278687,-1.4091796875,-1.40918,-1.327366,-0.08181369304656982,hold:local,
51,-1.4150389432907104,-1.4150390625,-1.415039,-1.327366,-0.08767306804656982,hold:local,
52,-1.4980469942092896,-1.498046875,-1.498047,-1.362647,-0.13539981842041016,local,trajectory_extended:0.4120s
53,-1.4902340173721313,-1.490234375,-1.490234,-1.381769,-0.10846543312072754,hold:local,
54,-1.484375,-1.484375,-1.484375,-1.400466,-0.0839090347290039,hold:local,
55,-1.4677740335464478,-1.4677734375,-1.467773,-1.416283,-0.0514904260635376,hold:local,
56,-1.4746090173721313,-1.474609375,-1.474609,-1.442538,-0.03207135200500488,hold:local,
57,-1.4814449548721313,-1.4814453125,-1.481445,-1.444597,-0.03684830665588379,hold:local,
58,-1.5625,-1.5625,-1.5625,-1.444597,-0.11790299415588379,hold:local,
59,-1.5595699548721313,-1.5595703125,-1.55957,-1.477955,-0.08161532878875732,hold:local,
60,-1.5595699548721313,-1.5595703125,-1.55957,-1.477955,-0.08161532878875732,hold:local,
61,-1.5595699548721313,-1.5595703125,-1.55957,-1.481006,-0.07856428623199463,hold:local,
62,-1.5605469942092896,-1.560546875,-1.560547,-1.482469,-0.07807791233062744,hold:local,
63,-1.557616949081421,-1.5576171875,-1.557617,-1.484286,-0.07333123683929443,local,trajectory_extended:0.1551s
64,-0.8505859971046448,-0.8505859375,-0.850586,-1.494888,0.6443020105361938,hold:local,
65,-0.7998049855232239,-0.7998046875,-0.799805,-1.509266,0.7094613313674927,hold:local,
66,-0.7749019861221313,-0.77490234375,-0.774902,-1.5424,0.7674976587295532,hold:local,
67,-0.7314450144767761,-0.7314453125,-0.731445,-1.557215,0.8257696628570557,hold:local,
68,-0.714356005191803,-0.71435546875,-0.714355,-1.564047,0.8496915102005005,hold:local,
69,-0.7084959745407104,-0.70849609375,-0.708496,-1.566165,0.8576688766479492,hold:local,
70,-0.8798829913139343,-0.8798828125,-0.879883,-1.560206,0.6803232431411743,hold:local,
71,-0.8652340173721313,-0.865234375,-0.865234,-1.508883,0.643648624420166,hold:global,
72,-0.8574219942092896,-0.857421875,-0.857422,-1.508883,0.651461124420166,hold:global,
73,-0.7998049855232239,-0.7998046875,-0.799805,-1.457583,0.657778263092041,hold:local,
74,-0.8222659826278687,-0.822265625,-0.822266,-1.457583,0.635317325592041,hold:local,
75,-0.7998049855232239,-0.7998046875,-0.799805,-1.430089,0.630284309387207,hold:local,
76,-0.6655269861221313,-0.66552734375,-0.665527,-1.340387,0.6748596429824829,hold:local,
77,-0.6333010196685791,-0.63330078125,-0.633301,-1.291093,0.6577922105789185,hold:local,
78,-0.6196290254592896,-0.61962890625,-0.619629,-1.27367,0.654041051864624,hold:local,
79,-0.5683590173721313,-0.568359375,-0.568359,-1.237645,0.6692856550216675,hold:local,
80,-0.5595700144767761,-0.5595703125,-0.55957,-1.216506,0.6569356918334961,hold:local,
81,-0.5463870167732239,-0.54638671875,-0.546387,-1.216506,0.6701192855834961,local,trajectory_extended:0.3597s
82,-0.8554689884185791,-0.85546875,-0.855469,-1.216506,0.3610372543334961,local,trajectory_extended:0.3597s
83,-0.8369140028953552,-0.8369140625,-0.836914,-1.141052,0.3041379451751709,hold:local,
84,-0.8232420086860657,-0.8232421875,-0.823242,-1.125464,0.30222177505493164,hold:local,
85,-0.7792969942092896,-0.779296875,-0.779297,-1.079946,0.30064916610717773,local,trajectory_extended:0.3110s
86,-0.7705079913139343,-0.7705078125,-0.770508,-1.062559,0.29205119609832764,hold:local,
87,-0.7529299855232239,-0.7529296875,-0.75293,-1.0527,0.2997703552246094,local,trajectory_extended:0.1779s
88,-1.0439449548721313,-1.0439453125,-1.043945,-1.0527,0.008754730224609375,local,trajectory_extended:0.1779s
89,-1.042968988418579,-1.04296875,-1.042969,-1.027561,-0.015407800674438477,local,
90,-1.036133050918579,-1.0361328125,-1.036133,-1.027561,-0.008571863174438477,local,
91,-1.0185550451278687,-1.0185546875,-1.018555,-1.005306,-0.013248682022094727,hold:local,
92,-1.015625,-1.015625,-1.015625,-1.005306,-0.010318994522094727,hold:local,
93,-1.0029300451278687,-1.0029296875,-1.00293,-0.98599,-0.01693969964981079,local,trajectory_extended:0.2564s
94,-0.5249019861221313,-0.52490234375,-0.524902,-0.979476,0.4545736312866211,hold:local,
95,-0.5161129832267761,-0.51611328125,-0.516113,-0.965812,0.4496987462043762,local,trajectory_extended:0.3354s
96,-0.5219730138778687,-0.52197265625,-0.521973,-0.964585,0.44261234998703003,local,
97,-0.4794920086860657,-0.4794921875,-0.479492,-0.962125,0.4826328158378601,local,trajectory_extended:0.3501s
98,-0.46240198612213135,-0.46240234375,-0.462402,-0.936967,0.47456467151641846,hold:local,
99,-0.4555659890174866,-0.45556640625,-0.455566,-0.935262,0.4796956181526184,local,trajectory_extended:0.3573s
100,-0.7045900225639343,-0.70458984375,-0.70459,-0.912506,0.20791614055633545,hold:local,
101,-0.6806640028953552,-0.6806640625,-0.680664,-0.871142,0.19047796726226807,hold:local,
102,-0.6572269797325134,-0.6572265625,-0.657227,-0.871142,0.21391546726226807,hold:local,
103,-0.5795900225639343,-0.57958984375,-0.57959,-0.867384,0.28779417276382446,local,
104,-0.5698239803314209,-0.56982421875,-0.569824,-0.851442,0.28161776065826416,local,trajectory_extended:0.2755s
105,-0.5302730202674866,-0.5302734375,-0.530273,-0.851442,0.32116854190826416,local,trajectory_extended:0.2755s
106,-0.4404299855232239,-0.4404296875,-0.44043,-0.851442,0.41101229190826416,local,
107,-0.43115198612213135,-0.43115234375,-0.431152,-0.851442,0.42028963565826416,local,
108,-0.41650399565696716,-0.41650390625,-0.416504,-0.851442,0.43493807315826416,local,
109,-0.4091799855232239,-0.4091796875,-0.40918,-0.851442,0.44226229190826416,local,trajectory_extended:0.1971s
110,-0.3974609971046448,-0.3974609375,-0.397461,-0.820703,0.42324209213256836,local,
111,-0.3979490101337433,-0.39794921875,-0.397949,-0.820703,0.42275381088256836,local,
112,-1.1113280057907104,-1.111328125,-1.111328,-0.797281,-0.31404709815979004,local,
113,-1.1074219942092896,-1.107421875,-1.107422,-0.784454,-0.32296788692474365,local,trajectory_extended:0.2550s
114,-1.0996090173721313,-1.099609375,-1.099609,-0.780531,-0.31907838582992554,hold:local,
115,-1.078125,-1.078125,-1.078125,-0.775994,-0.3021309971809387,local,trajectory_extended:0.3842s
116,-1.074218988418579,-1.07421875,-1.074219,-0.775994,-0.2982247471809387,local,
117,-1.058593988418579,-1.05859375,-1.058594,-0.76738,-0.2912137508392334,hold:local,
118,-0.7773439884185791,-0.77734375,-0.777344,-0.753468,-0.023875772953033447,hold:local,
119,-0.7763670086860657,-0.7763671875,-0.776367,-0.753468,-0.022899210453033447,hold:local,
120,-0.7763670086860657,-0.7763671875,-0.776367,-0.745226,-0.031141161918640137,hold:local,
121,-0.7402340173721313,-0.740234375,-0.740234,-0.74283,0.0025956034660339355,local,trajectory_extended:0.2936s
122,-0.7294920086860657,-0.7294921875,-0.729492,-0.734045,0.0045528411865234375,hold:local,
123,-0.7060549855232239,-0.7060546875,-0.706055,-0.725018,0.018963336944580078,hold:local,
124,-0.5751950144767761,-0.5751953125,-0.575195,-0.717455,0.14225971698760986,hold:local,
125,-0.5595700144767761,-0.5595703125,-0.55957,-0.711566,0.15199565887451172,hold:local,
126,-0.5566409826278687,-0.556640625,-0.556641,-0.709006,0.15236538648605347,hold:local,
127,-0.5288090109825134,-0.52880859375,-0.528809,-0.704982,0.1761733889579773,hold:local,
128,-0.5151370167732239,-0.51513671875,-0.515137,-0.702062,0.18692529201507568,local,trajectory_extended:0.2300s
129,-0.5004879832267761,-0.50048828125,-0.500488,-0.702062,0.20157372951507568,local,
130,-0.84375,-0.84375,-0.84375,-0.691642,-0.15210801362991333,hold:local,
131,-0.8427730202674866,-0.8427734375,-0.842773,-0.684622,-0.15815144777297974,hold:local,
132,-0.8076170086860657,-0.8076171875,-0.807617,-0.684368,-0.12324917316436768,hold:local,
133,-0.7714840173721313,-0.771484375,-0.771484,-0.683536,-0.08794838190078735,local,trajectory_extended:0.3134s
134,-0.7431640028953552,-0.7431640625,-0.743164,-0.676828,-0.06633603572845459,local,trajectory_extended:0.3048s
135,-0.734375,-0.734375,-0.734375,-0.651889,-0.08248597383499146,hold:local,
136,-0.9160159826278687,-0.916015625,-0.916016,-0.65124,-0.2647756338119507,hold:local,
137,-0.8876950144767761,-0.8876953125,-0.887695,-0.64252,-0.245175302028656,hold:local,
138,-0.8657230138778687,-0.86572265625,-0.865723,-0.64213,-0.2235926389694214,hold:local,
139,-0.8164060115814209,-0.81640625,-0.816406,-0.64213,-0.1742762327194214,hold:local,
140,-0.7983400225639343,-0.79833984375,-0.79834,-0.64213,-0.1562098264694214,local,trajectory_extended:0.3546s
141,-0.7773439884185791,-0.77734375,-0.777344,-0.637782,-0.13956177234649658,hold:local,
142,-1.4902340173721313,-1.490234375,-1.490234,-0.637782,-0.8524523973464966,local,trajectory_extended:0.2303s
143,-1.4716800451278687,-1.4716796875,-1.47168,-0.637735,-0.8339446783065796,hold:local,
144,-1.458008050918579,-1.4580078125,-1.458008,-0.637753,-0.8202548027038574,hold:local,
145,-1.4130860567092896,-1.4130859375,-1.413086,-0.637753,-0.7753329277038574,local,trajectory_extended:0.3520s
146,-1.3916020393371582,-1.3916015625,-1.391602,-0.637764,-0.7538375854492188,local,
147,-1.359375,-1.359375,-1.359375,-0.637764,-0.7216110229492188,local,
148,-1.4667969942092896,-1.466796875,-1.466797,-0.637764,-0.8290328979492188,local,
149,-1.457031011581421,-1.45703125,-1.457031,-0.6378,-0.8192312717437744,local,
150,-1.4394530057907104,-1.439453125,-1.439453,-0.637977,-0.8014761209487915,local,
151,-1.3769530057907104,-1.376953125,-1.376953,-0.638449,-0.7385041117668152,local,
152,-1.3583979606628418,-1.3583984375,-1.358398,-0.639151,-0.7192474603652954,local,
153,-1.3115240335464478,-1.3115234375,-1.311523,-0.640331,-0.671192467212677,local,
154,-1.4208979606628418,-1.4208984375,-1.420898,-0.640343,-0.7805554270744324,local,
155,-1.421875,-1.421875,-1.421875,-0.641292,-0.7805830240249634,local,
156,-1.3984379768371582,-1.3984375,-1.398438,-0.64377,-0.7546675205230713,local,
157,-1.338866949081421,-1.3388671875,-1.338867,-0.646414,-0.6924532055854797,local,trajectory_extended:0.1864s
158,-1.324218988418579,-1.32421875,-1.324219,-0.647971,-0.676247775554657,hold:local,
159,-1.2822259664535522,-1.2822265625,-1.282227,-0.659488,-0.6227385401725769,hold:local,
160,-1.3212889432907104,-1.3212890625,-1.321289,-0.659488,-0.6618010401725769,hold:local,
161,-1.3027340173721313,-1.302734375,-1.302734,-0.671052,-0.6316823959350586,local,
162,-1.2666020393371582,-1.2666015625,-1.266602,-0.671052,-0.5955495834350586,local,
163,-1.1875,-1.1875,-1.1875,-0.700085,-0.48741501569747925,hold:local,
164,-1.152343988418579,-1.15234375,-1.152344,-0.716983,-0.43536072969436646,hold:local,
165,-1.097656011581421,-1.09765625,-1.097656,-0.725219,-0.3724372386932373,hold:local,
166,-0.7802730202674866,-0.7802734375,-0.780273,-0.771067,-0.009206414222717285,hold:local,
167,-0.7783200144767761,-0.7783203125,-0.77832,-0.783522,0.00520169734954834,hold:local,
168,-0.7509769797325134,-0.7509765625,-0.750977,-0.815352,0.06437546014785767,hold:local,
169,-0.7109379768371582,-0.7109375,-0.710938,-0.815352,0.10441452264785767,hold:local,
170,-0.7065430283546448,-0.70654296875,-0.706543,-0.815352,0.10880905389785767,hold:local,
171,-0.6752930283546448,-0.67529296875,-0.675293,-0.801116,0.1258230209350586,hold:local,
172,-0.5522459745407104,-0.55224609375,-0.552246,-0.798054,0.24580788612365723,hold:local,
173,-0.5551760196685791,-0.55517578125,-0.555176,-0.76853,0.213354229927063,hold:local,
174,-0.5527340173721313,-0.552734375,-0.552734,-0.74352,0.19078564643859863,local,trajectory_extended:0.3026s
175,-0.5439450144767761,-0.5439453125,-0.543945,-0.733886,0.1899406909942627,hold:local,
176,-0.5351560115814209,-0.53515625,-0.535156,-0.733886,0.1987297534942627,hold:local,
177,-0.53125,-0.53125,-0.53125,-0.721526,0.19027602672576904,local,
178,-1.1152340173721313,-1.115234375,-1.115234,-0.714941,-0.40029335021972656,local,trajectory_extended:0.2467s
179,-1.1152340173721313,-1.115234375,-1.115234,-0.676651,-0.4385833740234375,hold:local,
180,-1.0966800451278687,-1.0966796875,-1.09668,-0.672609,-0.42407071590423584,local,trajectory_extended:0.5071s
181,-1.0683590173721313,-1.068359375,-1.068359,-0.669323,-0.39903634786605835,hold:local,
182,-1.051758050918579,-1.0517578125,-1.051758,-0.658609,-0.39314883947372437,local,
183,-1.0292969942092896,-1.029296875,-1.029297,-0.625605,-0.4036918878555298,hold:local,
184,-0.6923829913139343,-0.6923828125,-0.692383,-0.617716,-0.07466679811477661,hold:local,
185,-0.6855469942092896,-0.685546875,-0.685547,-0.614991,-0.07055586576461792,hold:local,
186,-0.65625,-0.65625,-0.65625,-0.611256,-0.04499399662017822,local,
187,-0.6132810115814209,-0.61328125,-0.613281,-0.609805,-0.003476262092590332,local,
188,-0.6010739803314209,-0.60107421875,-0.601074,-0.609805,0.008730769157409668,local,
189,-0.5825200080871582,-0.58251953125,-0.58252,-0.607032,0.02451246976852417,hold:local,
190,-0.7451170086860657,-0.7451171875,-0.745117,-0.606731,-0.13838618993759155,local,trajectory_extended:0.5033s
191,-0.7392579913139343,-0.7392578125,-0.739258,-0.606731,-0.13252681493759155,local,
192,-0.7333980202674866,-0.7333984375,-0.733398,-0.603804,-0.12959444522857666,hold:local,
193,-0.7055659890174866,-0.70556640625,-0.705566,-0.60109,-0.10447639226913452,local,
194,-0.7001950144767761,-0.7001953125,-0.700195,-0.599639,-0.10055631399154663,local,trajectory_extended:0.2802s
195,-0.6826170086860657,-0.6826171875,-0.682617,-0.597963,-0.08465421199798584,local,
196,-0.7636719942092896,-0.763671875,-0.763672,-0.597963,-0.16570889949798584,local,trajectory_extended:0.2438s
197,-0.7509769797325134,-0.7509765625,-0.750977,-0.596848,-0.1541285514831543,hold:local,
198,-0.7250980138778687,-0.72509765625,-0.725098,-0.590176,-0.13492166996002197,hold:local,
199,-0.6875,-0.6875,-0.6875,-0.589031,-0.09846901893615723,local,trajectory_extended:0.1885s
200,-0.6889650225639343,-0.68896484375,-0.688965,-0.588571,-0.10039383172988892,hold:local,
201,-0.6723629832267761,-0.67236328125,-0.672363,-0.588571,-0.08379226922988892,hold:local,
202,-0.3798829913139343,-0.3798828125,-0.379883,-0.588571,0.20868819952011108,hold:local,
203,-0.3720700144767761,-0.3720703125,-0.37207,-0.5884,0.2163296937942505,local,
204,-0.3720700144767761,-0.3720703125,-0.37207,-0.588382,0.21631169319152832,local,
205,-0.3618159890174866,-0.36181640625,-0.361816,-0.588382,0.22656559944152832,local,
206,-0.3505859971046448,-0.3505859375,-0.350586,-0.588382,0.23779606819152832,local,
207,-0.3598630130290985,-0.35986328125,-0.359863,-0.588423,0.2285597324371338,local,
208,-0.973143994808197,-0.97314453125,-0.973145,-0.588423,-0.3847215175628662,local,
209,-0.9653319716453552,-0.96533203125,-0.965332,-0.588423,-0.3769090175628662,local,
210,-0.9316409826278687,-0.931640625,-0.931641,-0.588441,-0.34319961071014404,local,
211,-0.8808590173721313,-0.880859375,-0.880859,-0.588441,-0.29241836071014404,local,
212,-0.8652340173721313,-0.865234375,-0.865234,-0.588441,-0.27679336071014404,local,
213,-0.8398439884185791,-0.83984375,-0.839844,-0.588441,-0.25140273571014404,local,
214,-1.296875,-1.296875,-1.296875,-0.588459,-0.7084159851074219,local,trajectory_extended:0.3537s
215,-1.2998050451278687,-1.2998046875,-1.299805,-0.588518,-0.7112866640090942,hold:local,
216,-1.2636719942092896,-1.263671875,-1.263672,-0.588476,-0.6751958727836609,hold:local,
217,-1.1875,-1.1875,-1.1875,-0.587621,-0.5998790264129639,local,trajectory_extended:0.3373s
218,-1.171875,-1.171875,-1.171875,-0.587621,-0.5842540264129639,local,
219,-1.1318360567092896,-1.1318359375,-1.131836,-0.584689,-0.5471469163894653,local,trajectory_extended:0.2126s
220,-0.9257810115814209,-0.92578125,-0.925781,-0.584305,-0.3414762616157532,local,trajectory_extended:0.1718s
221,-0.9111329913139343,-0.9111328125,-0.911133,-0.584305,-0.3268278241157532,local,trajectory_extended:0.1718s
222,-0.8798829913139343,-0.8798828125,-0.879883,-0.584305,-0.2955778241157532,local,trajectory_extended:0.2246s
223,-0.8217769861221313,-0.82177734375,-0.821777,-0.584305,-0.23747235536575317,local,trajectory_extended:0.2246s
224,-0.8095700144767761,-0.8095703125,-0.80957,-0.584877,-0.22469329833984375,hold:local,
225,-0.7734379768371582,-0.7734375,-0.773438,-0.584877,-0.18856048583984375,hold:local,
226,-0.8818359971046448,-0.8818359375,-0.881836,-0.585385,-0.2964509129524231,local,
227,-0.8774409890174866,-0.87744140625,-0.877441,-0.586152,-0.29128938913345337,local,trajectory_extended:0.2600s
228,-0.8549799919128418,-0.85498046875,-0.85498,-0.589031,-0.2659494876861572,hold:local,
229,-0.7983400225639343,-0.79833984375,-0.79834,-0.589031,-0.20930886268615723,hold:local,
230,-0.7802730202674866,-0.7802734375,-0.780273,-0.589031,-0.19124245643615723,local,trajectory_extended:0.2359s
231,-0.7563480138778687,-0.75634765625,-0.756348,-0.589031,-0.16731667518615723,local,trajectory_extended:0.2359s
232,-1.1572259664535522,-1.1572265625,-1.157227,-0.591385,-0.565841555595398,local,
233,-1.1484379768371582,-1.1484375,-1.148438,-0.592689,-0.5557485222816467,local,trajectory_extended:0.1147s
234,-1.1240240335464478,-1.1240234375,-1.124023,-0.597999,-0.5260244607925415,hold:local,
235,-1.0791020393371582,-1.0791015625,-1.079102,-0.600937,-0.47816455364227295,local,
236,-1.0605469942092896,-1.060546875,-1.060547,-0.600937,-0.45960986614227295,local,trajectory_extended:0.3000s
237,-1.0185550451278687,-1.0185546875,-1.018555,-0.601138,-0.41741669178009033,local,trajectory_extended:0.2664s
238,-1.3720699548721313,-1.3720703125,-1.37207,-0.601138,-0.7709323167800903,local,trajectory_extended:0.2664s
239,-1.3662110567092896,-1.3662109375,-1.366211,-0.608235,-0.7579759359359741,local,trajectory_extended:0.2496s
240,-1.3349610567092896,-1.3349609375,-1.334961,-0.608766,-0.7261949181556702,local,trajectory_extended:0.2073s
241,-1.2441409826278687,-1.244140625,-1.244141,-0.608766,-0.6353746056556702,local,trajectory_extended:0.2073s
242,-1.222656011581421,-1.22265625,-1.222656,-0.621899,-0.6007572412490845,hold:local,
243,-1.1748050451278687,-1.1748046875,-1.174805,-0.629853,-0.5449516773223877,hold:local,
244,-0.6904299855232239,-0.6904296875,-0.69043,-0.64121,-0.04921966791152954,hold:local,
245,-0.6899409890174866,-0.68994140625,-0.689941,-0.646012,-0.04392939805984497,hold:local,
246,-0.6708980202674866,-0.6708984375,-0.670898,-0.656868,-0.01403045654296875,hold:local,
247,-0.6459959745407104,-0.64599609375,-0.645996,-0.656868,0.01087188720703125,hold:local,
248,-0.6308590173721313,-0.630859375,-0.630859,-0.6674,0.03654062747955322,local,
249,-0.6015620231628418,-0.6015625,-0.601562,-0.6674,0.06583750247955322,hold:local,
250,-1.3779300451278687,-1.3779296875,-1.37793,-0.673229,-0.7047007083892822,hold:local,
251,-1.359375,-1.359375,-1.359375,-0.687052,-0.6723229885101318,hold:local,
252,-1.3417969942092896,-1.341796875,-1.341797,-0.697035,-0.644761860370636,local,
253,-1.2802740335464478,-1.2802734375,-1.280273,-0.697035,-0.583238422870636,local,
254,-1.254883050918579,-1.2548828125,-1.254883,-0.700929,-0.5539538264274597,local,trajectory_extended:0.4805s
255,-1.2119139432907104,-1.2119140625,-1.211914,-0.703495,-0.5084190368652344,local,
256,-0.3237299919128418,-0.32373046875,-0.32373,-0.70697,0.3832395076751709,hold:local,
257,-0.3232420086860657,-0.3232421875,-0.323242,-0.711437,0.3881947994232178,hold:local,
258,-0.32177698612213135,-0.32177734375,-0.321777,-0.711437,0.3896596431732178,hold:local,
259,-0.3203119933605194,-0.3203125,-0.320312,-0.712611,0.39229851961135864,local,
260,-0.3208009898662567,-0.32080078125,-0.320801,-0.714328,0.39352720975875854,local,
261,-0.3198240101337433,-0.31982421875,-0.319824,-0.714328,0.39450377225875854,local,
262,-1.2744139432907104,-1.2744140625,-1.274414,-0.719301,-0.5551130771636963,local,
263,-1.2900389432907104,-1.2900390625,-1.290039,-0.723708,-0.5663310885429382,hold:local,
264,-1.2890620231628418,-1.2890625,-1.289062,-0.723708,-0.5653545260429382,hold:local,
265,-1.2939449548721313,-1.2939453125,-1.293945,-0.728765,-0.5651803016662598,local,
266,-1.3037110567092896,-1.3037109375,-1.303711,-0.735113,-0.5685979127883911,local,
267,-1.3046879768371582,-1.3046875,-1.304688,-0.735113,-0.5695744752883911,local,
268,-1.5087889432907104,-1.5087890625,-1.508789,-0.735113,-0.7736760377883911,local,
269,-1.5136719942092896,-1.513671875,-1.513672,-0.747532,-0.7661398649215698,local,trajectory_extended:0.4421s
270,-1.5078120231628418,-1.5078125,-1.507812,-0.750329,-0.7574834823608398,local,
271,-1.5068360567092896,-1.5068359375,-1.506836,-0.750329,-0.7565069198608398,local,trajectory_extended:0.4503s
272,-1.5078120231628418,-1.5078125,-1.507812,-0.752235,-0.7555775046348572,local,
273,-1.5058590173721313,-1.505859375,-1.505859,-0.753084,-0.7527753710746765,local,
274,-1.5234379768371582,-1.5234375,-1.523438,-0.754465,-0.7689725160598755,hold:local,
275,-1.526366949081421,-1.5263671875,-1.526367,-0.758872,-0.7674952149391174,local,trajectory_extended:0.3194s
276,-1.520508050918579,-1.5205078125,-1.520508,-0.767946,-0.7525618076324463,hold:local,
277,-1.5234379768371582,-1.5234375,-1.523438,-0.771657,-0.7517805099487305,local,
278,-1.519531011581421,-1.51953125,-1.519531,-0.775663,-0.7438682317733765,local,
279,-1.5214840173721313,-1.521484375,-1.521484,-0.775663,-0.7458213567733765,local,trajectory_extended:0.2295s
280,-1.3417969942092896,-1.341796875,-1.341797,-0.77915,-0.5626468658447266,local,trajectory_extended:0.2295s
281,-1.34375,-1.34375,-1.34375,-0.782891,-0.5608590245246887,hold:local,
282,-1.3369139432907104,-1.3369140625,-1.336914,-0.788484,-0.5484300851821899,hold:local,
283,-1.333008050918579,-1.3330078125,-1.333008,-0.791623,-0.5413848161697388,hold:local,
284,-1.3359379768371582,-1.3359375,-1.335938,-0.791623,-0.5443145036697388,hold:local,
285,-1.3349610567092896,-1.3349609375,-1.334961,-0.791623,-0.5433379411697388,hold:local,
286,-1.5693360567092896,-1.5693359375,-1.569336,-0.801989,-0.7673469185829163,local,
287,-1.5693360567092896,-1.5693359375,-1.569336,-0.8098,-0.7595359086990356,local,trajectory_extended:0.2319s
288,-1.5693360567092896,-1.5693359375,-1.569336,-0.8098,-0.7595359086990356,local,
289,-1.5693360567092896,-1.5693359375,-1.569336,-0.8098,-0.7595359086990356,local,
290,-1.5703120231628418,-1.5703125,-1.570312,-0.823063,-0.7472494840621948,soft,soft_ik:p=0.0003;r=8.5;n=10;trajectory_extended:0.4277s
291,-1.5703120231628418,-1.5703125,-1.570312,-0.823063,-0.7472494840621948,soft,
292,-1.5722659826278687,-1.572265625,-1.572266,-0.823063,-0.7492026090621948,soft,
293,-1.5722659826278687,-1.572265625,-1.572266,-0.832916,-0.7393496036529541,soft,soft_ik:p=0.0002;r=6.0;n=10;trajectory_extended:0.3561s
294,-1.5722659826278687,-1.572265625,-1.572266,-0.832916,-0.7393496036529541,soft,soft_ik:p=0.0002;r=6.0;n=10;trajectory_extended:0.3561s
295,-1.5712889432907104,-1.5712890625,-1.571289,-0.834969,-0.7363200783729553,soft,
296,-1.5712889432907104,-1.5712890625,-1.571289,-0.834969,-0.7363200783729553,soft,
297,-1.5712889432907104,-1.5712890625,-1.571289,-0.834969,-0.7363200783729553,soft,
298,-1.5712889432907104,-1.5712890625,-1.571289,-0.847082,-0.7242070436477661,soft,
299,-1.5703120231628418,-1.5703125,-1.570312,-0.852622,-0.7176905274391174,soft,soft_ik:p=0.0349;r=4.7;n=10;trajectory_extended:0.3412s
300,-1.5703120231628418,-1.5703125,-1.570312,-0.852622,-0.7176905274391174,soft,soft_ik:p=0.0349;r=4.7;n=10;trajectory_extended:0.3412s
301,-1.5703120231628418,-1.5703125,-1.570312,-0.856911,-0.7134014964103699,soft,
302,-1.5703120231628418,-1.5703125,-1.570312,-0.856911,-0.7134014964103699,soft,
303,-1.5693360567092896,-1.5693359375,-1.569336,-0.856911,-0.7124249339103699,soft,
304,-1.5693360567092896,-1.5693359375,-1.569336,-0.864339,-0.7049969434738159,soft,
305,-1.5693360567092896,-1.5693359375,-1.569336,-0.870044,-0.6992919445037842,soft,soft_ik:p=0.0027;r=6.4;n=3;trajectory_extended:0.0984s
306,-1.5693360567092896,-1.5693359375,-1.569336,-0.870044,-0.6992919445037842,soft,
307,-1.5683590173721313,-1.568359375,-1.568359,-0.876865,-0.691494345664978,soft,
308,-1.5683590173721313,-1.568359375,-1.568359,-0.876865,-0.691494345664978,soft,
309,-1.5683590173721313,-1.568359375,-1.568359,-0.879708,-0.6886513829231262,hold:soft,
310,-1.5644530057907104,-1.564453125,-1.564453,-0.879708,-0.6847451329231262,hold:soft,
311,-1.5644530057907104,-1.564453125,-1.564453,-0.899155,-0.6652981042861938,hold:soft,
312,-1.5644530057907104,-1.564453125,-1.564453,-0.899155,-0.6652981042861938,hold:soft,
313,-1.5634759664535522,-1.5634765625,-1.563477,-0.913108,-0.6503685712814331,,
314,-1.5634759664535522,-1.5634765625,-1.563477,-0.913108,-0.6503685712814331,,ik_failed:local_failed;global_failed;soft_failed:p=0.0648;r=4.7
315,-1.5634759664535522,-1.5634765625,-1.563477,-0.920377,-0.6430995464324951,,
316,-1.5644530057907104,-1.564453125,-1.564453,-0.920377,-0.6440761089324951,,
317,-1.5644530057907104,-1.564453125,-1.564453,-0.969387,-0.5950661301612854,hold:soft,
318,-1.5644530057907104,-1.564453125,-1.564453,-0.969387,-0.5950661301612854,hold:soft,
319,-1.5634759664535522,-1.5634765625,-1.563477,-0.9814,-0.5820765495300293,,ik_failed:local_failed;global_failed;soft_failed:p=0.0646;r=5.5
320,-1.5625,-1.5625,-1.5625,-0.9814,-0.5810999870300293,,
321,-1.5634759664535522,-1.5634765625,-1.563477,-0.986957,-0.5765195488929749,soft,soft_ik:p=0.0325;r=10.1;n=10;trajectory_extended:0.3349s
322,-1.5683590173721313,-1.568359375,-1.568359,-0.998232,-0.5701273679733276,hold:soft,
323,-1.5683590173721313,-1.568359375,-1.568359,-1.04785,-0.5205093622207642,hold:soft,
324,-1.5683590173721313,-1.568359375,-1.568359,-1.04785,-0.5205093622207642,hold:soft,
325,-1.5683590173721313,-1.568359375,-1.568359,-1.04785,-0.5205093622207642,hold:soft,
326,-1.5683590173721313,-1.568359375,-1.568359,-1.055621,-0.5127383470535278,hold:soft,
327,-1.5693360567092896,-1.5693359375,-1.569336,-1.06106,-0.5082759857177734,soft,
328,-1.5693360567092896,-1.5693359375,-1.569336,-1.06106,-0.5082759857177734,soft,
329,-1.5703120231628418,-1.5703125,-1.570312,-1.06106,-0.5092525482177734,soft,soft_ik:p=0.0006;r=11.9;n=10;trajectory_extended:0.3829s
330,-1.5703120231628418,-1.5703125,-1.570312,-1.061733,-0.5085794925689697,soft,
331,-1.5703120231628418,-1.5703125,-1.570312,-1.073757,-0.4965554475784302,global,
332,-1.5703120231628418,-1.5703125,-1.570312,-1.073757,-0.4965554475784302,global,
333,-1.5693360567092896,-1.5693359375,-1.569336,-1.073757,-0.4955788850784302,global,
334,-1.5703120231628418,-1.5703125,-1.570312,-1.074524,-0.49578845500946045,global,
335,-1.5693360567092896,-1.5693359375,-1.569336,-1.074524,-0.49481189250946045,global,
336,-1.5683590173721313,-1.568359375,-1.568359,-1.087551,-0.4808083772659302,hold:global,
337,-1.566406011581421,-1.56640625,-1.566406,-1.093622,-0.47278428077697754,local,
338,-1.567383050918579,-1.5673828125,-1.567383,-1.093622,-0.47376084327697754,local,
339,-1.5625,-1.5625,-1.5625,-1.100914,-0.46158599853515625,local,
340,-1.5703120231628418,-1.5703125,-1.570312,-1.107971,-0.4623415470123291,local,trajectory_extended:0.3855s
341,-1.5712889432907104,-1.5712890625,-1.571289,-1.139417,-0.43187201023101807,hold:local,
342,-1.5703120231628418,-1.5703125,-1.570312,-1.153176,-0.417136549949646,hold:local,
343,-1.5703120231628418,-1.5703125,-1.570312,-1.153176,-0.417136549949646,hold:local,
344,-1.5693360567092896,-1.5693359375,-1.569336,-1.158398,-0.4109379053115845,local,
345,-1.5644530057907104,-1.564453125,-1.564453,-1.171525,-0.3929281234741211,local,
346,-1.551758050918579,-1.5517578125,-1.551758,-1.175903,-0.37585484981536865,hold:local,
347,-1.5380860567092896,-1.5380859375,-1.538086,-1.184794,-0.35329198837280273,hold:local,
348,-1.536133050918579,-1.5361328125,-1.536133,-1.190068,-0.34606480598449707,hold:local,
349,-1.5253909826278687,-1.525390625,-1.525391,-1.195154,-0.33023667335510254,hold:local,
350,-1.5234379768371582,-1.5234375,-1.523438,-1.203479,-0.3199584484100342,local,
351,-1.5234379768371582,-1.5234375,-1.523438,-1.203479,-0.3199584484100342,local,
352,-1.4931639432907104,-1.4931640625,-1.493164,-1.203479,-0.2896850109100342,local,
353,-1.4912110567092896,-1.4912109375,-1.491211,-1.203479,-0.2877318859100342,local,trajectory_extended:0.4811s
354,-1.4912110567092896,-1.4912109375,-1.491211,-1.22237,-0.2688409090042114,hold:local,
355,-1.4775389432907104,-1.4775390625,-1.477539,-1.22237,-0.2551690340042114,hold:local,
356,-1.4824219942092896,-1.482421875,-1.482422,-1.22237,-0.2600518465042114,hold:local,
357,-1.479491949081421,-1.4794921875,-1.479492,-1.22237,-0.2571221590042114,hold:local,
358,-1.5693360567092896,-1.5693359375,-1.569336,-1.228294,-0.3410419225692749,local,
359,-1.5683590173721313,-1.568359375,-1.568359,-1.239663,-0.3286963701248169,local,
360,-1.566406011581421,-1.56640625,-1.566406,-1.239663,-0.3267432451248169,local,
361,-1.566406011581421,-1.56640625,-1.566406,-1.244218,-0.32218825817108154,local,
362,-1.567383050918579,-1.5673828125,-1.567383,-1.249475,-0.31790781021118164,hold:local,
363,-1.566406011581421,-1.56640625,-1.566406,-1.249475,-0.31693124771118164,hold:local,
364,-1.5683590173721313,-1.568359375,-1.568359,-1.255888,-0.3124713897705078,local,
365,-1.5683590173721313,-1.568359375,-1.568359,-1.269192,-0.2991673946380615,local,trajectory_extended:0.1053s
366,-1.5683590173721313,-1.568359375,-1.568359,-1.277163,-0.291196346282959,local,
367,-1.5683590173721313,-1.568359375,-1.568359,-1.278549,-0.2898104190826416,local,trajectory_extended:0.1877s
368,-1.5683590173721313,-1.568359375,-1.568359,-1.278549,-0.2898104190826416,local,trajectory_extended:0.1877s
369,-1.5683590173721313,-1.568359375,-1.568359,-1.280774,-0.28758537769317627,local,
370,-0.6289060115814209,-0.62890625,-0.628906,-1.280774,0.6518677473068237,local,
371,-0.6040040254592896,-0.60400390625,-0.604004,-1.292137,0.6881331205368042,local,
372,-0.5766599774360657,-0.57666015625,-0.57666,-1.292137,0.7154768705368042,local,
373,-0.5424799919128418,-0.54248046875,-0.54248,-1.29894,0.7564594745635986,local,trajectory_extended:0.4580s
374,-0.5415040254592896,-0.54150390625,-0.541504,-1.303016,0.761512041091919,hold:local,
375,-0.5341799855232239,-0.5341796875,-0.53418,-1.303016,0.768836259841919,hold:local,
376,-0.7797849774360657,-0.77978515625,-0.779785,-1.30832,0.5285348892211914,local,
377,-0.7734379768371582,-0.7734375,-0.773438,-1.30832,0.5348825454711914,local,
378,-0.7368159890174866,-0.73681640625,-0.736816,-1.30832,0.5715036392211914,local,
379,-0.6904299855232239,-0.6904296875,-0.69043,-1.314126,0.6236963272094727,local,
380,-0.6948239803314209,-0.69482421875,-0.694824,-1.319147,0.624322772026062,local,
381,-0.6806640028953552,-0.6806640625,-0.680664,-1.319147,0.638482928276062,local,
382,-0.8964840173721313,-0.896484375,-0.896484,-1.319147,0.422662615776062,local,
383,-0.8920900225639343,-0.89208984375,-0.89209,-1.319147,0.427057147026062,local,
384,-0.8686519861221313,-0.86865234375,-0.868652,-1.321648,0.4529956579208374,local,
385,-0.8432620167732239,-0.84326171875,-0.843262,-1.321648,0.4783862829208374,local,
386,-0.8291019797325134,-0.8291015625,-0.829102,-1.333672,0.504570484161377,local,
387,-0.8232420086860657,-0.8232421875,-0.823242,-1.33379,0.5105477571487427,local,trajectory_extended:0.1980s
388,-1.083008050918579,-1.0830078125,-1.083008,-1.340988,0.25798022747039795,hold:local,
389,-1.082031011581421,-1.08203125,-1.082031,-1.346033,0.264001727104187,hold:local,
390,-1.0449219942092896,-1.044921875,-1.044922,-1.346033,0.301111102104187,local,
391,-0.9746090173721313,-0.974609375,-0.974609,-1.346033,0.371423602104187,local,
392,-0.9599609971046448,-0.9599609375,-0.959961,-1.346033,0.386072039604187,local,
393,-0.9389650225639343,-0.93896484375,-0.938965,-1.360736,0.42177116870880127,local,
394,-1.4541020393371582,-1.4541015625,-1.454102,-1.360736,-0.09336555004119873,local,
395,-1.449218988418579,-1.44921875,-1.449219,-1.364086,-0.08513271808624268,local,
396,-1.4130860567092896,-1.4130859375,-1.413086,-1.364086,-0.048999905586242676,local,
397,-1.3574219942092896,-1.357421875,-1.357422,-1.364086,0.006664156913757324,local,
398,-1.3300780057907104,-1.330078125,-1.330078,-1.368529,0.03845083713531494,local,
399,-1.291991949081421,-1.2919921875,-1.291992,-1.373226,0.08123385906219482,local,
400,-1.1083979606628418,-1.1083984375,-1.108398,-1.378294,0.2698955535888672,local,
401,-1.09375,-1.09375,-1.09375,-1.378294,0.2845439910888672,local,
402,-1.0722659826278687,-1.072265625,-1.072266,-1.382577,0.31031131744384766,local,
403,-1.046875,-1.046875,-1.046875,-1.382577,0.33570194244384766,local,
404,-1.0253909826278687,-1.025390625,-1.025391,-1.382577,0.35718631744384766,local,
405,-1.0068360567092896,-1.0068359375,-1.006836,-1.386329,0.3794931173324585,local,
406,-1.328125,-1.328125,-1.328125,-1.386329,0.058204054832458496,local,
407,-1.2958979606628418,-1.2958984375,-1.295898,-1.386329,0.0904306173324585,local,
408,-1.2734379768371582,-1.2734375,-1.273438,-1.390105,0.11666750907897949,local,
409,-1.2011719942092896,-1.201171875,-1.201172,-1.390105,0.1889331340789795,local,
410,-1.1796879768371582,-1.1796875,-1.179688,-1.390105,0.2104175090789795,local,
411,-1.140625,-1.140625,-1.140625,-1.390105,0.2494800090789795,local,
412,-1.3974610567092896,-1.3974609375,-1.397461,-1.391232,-0.006228923797607422,local,
413,-1.3691409826278687,-1.369140625,-1.369141,-1.391232,0.022091388702392578,local,
414,-1.359375,-1.359375,-1.359375,-1.391285,0.031909942626953125,local,trajectory_extended:0.1895s
415,-1.316406011581421,-1.31640625,-1.316406,-1.392554,0.07614779472351074,local,
416,-1.2822259664535522,-1.2822265625,-1.282227,-1.392554,0.11032748222351074,local,
417,-1.2578120231628418,-1.2578125,-1.257812,-1.392554,0.13474154472351074,local,
418,-1.042968988418579,-1.04296875,-1.042969,-1.392554,0.34958529472351074,local,
419,-1.0380860567092896,-1.0380859375,-1.038086,-1.392554,0.35446810722351074,local,
420,-1.019531011581421,-1.01953125,-1.019531,-1.392554,0.37302279472351074,local,
421,-0.9736329913139343,-0.9736328125,-0.973633,-1.39499,0.4213571548461914,local,
422,-0.9355469942092896,-0.935546875,-0.935547,-1.396035,0.46048808097839355,hold:local,
423,-0.9296879768371582,-0.9296875,-0.929688,-1.400814,0.4711265563964844,local,
424,-0.9921879768371582,-0.9921875,-0.992188,-1.405652,0.4134645462036133,hold:local,
425,-0.9799799919128418,-0.97998046875,-0.97998,-1.405652,0.4256715774536133,hold:local,
426,-0.9599609971046448,-0.9599609375,-0.959961,-1.405923,0.4459620714187622,local,
427,-0.9160159826278687,-0.916015625,-0.916016,-1.413752,0.4977363348007202,hold:local,
428,-0.8867189884185791,-0.88671875,-0.886719,-1.413752,0.5270332098007202,hold:local,
429,-0.8691409826278687,-0.869140625,-0.869141,-1.418053,0.5489124059677124,hold:local,
430,-1.1962889432907104,-1.1962890625,-1.196289,-1.426897,0.2306079864501953,local,
431,-1.166991949081421,-1.1669921875,-1.166992,-1.426897,0.2599048614501953,hold:local,
432,-1.1318360567092896,-1.1318359375,-1.131836,-1.361809,0.22997307777404785,local,
433,-1.0595699548721313,-1.0595703125,-1.05957,-1.360452,0.3008817434310913,local,
434,-1.058593988418579,-1.05859375,-1.058594,-1.360452,0.3018583059310913,local,
435,-1.0136719942092896,-1.013671875,-1.013672,-1.35903,0.34535813331604004,local,trajectory_extended:0.2873s
436,-0.8442379832267761,-0.84423828125,-0.844238,-1.35903,0.51479172706604,local,trajectory_extended:0.2873s
437,-0.8427730202674866,-0.8427734375,-0.842773,-1.35903,0.51625657081604,local,
438,-0.8530269861221313,-0.85302734375,-0.853027,-1.35903,0.50600266456604,local,
439,-0.7998049855232239,-0.7998046875,-0.799805,-1.356724,0.5569193363189697,local,
440,-0.8193359971046448,-0.8193359375,-0.819336,-1.353779,0.5344430208206177,local,
441,-0.8066409826278687,-0.806640625,-0.806641,-1.353779,0.5471383333206177,local,
442,-1.1708979606628418,-1.1708984375,-1.170898,-1.35198,0.18108153343200684,local,
443,-1.1738280057907104,-1.173828125,-1.173828,-1.350004,0.17617583274841309,local,trajectory_extended:0.3384s
444,-1.1230469942092896,-1.123046875,-1.123047,-1.349962,0.2269151210784912,local,trajectory_extended:0.3806s
445,-0.9936519861221313,-0.99365234375,-0.993652,-1.349939,0.3562866449356079,local,trajectory_extended:0.4421s
446,-0.9570310115814209,-0.95703125,-0.957031,-1.349738,0.3927067518234253,local,
447,-0.8803709745407104,-0.88037109375,-0.880371,-1.348682,0.4683109521865845,local,
448,-1.449218988418579,-1.44921875,-1.449219,-1.348682,-0.10053670406341553,local,
449,-1.4375,-1.4375,-1.4375,-1.348682,-0.08881795406341553,local,
450,-1.4208979606628418,-1.4208984375,-1.420898,-1.345974,-0.07492446899414062,local,
451,-1.379883050918579,-1.3798828125,-1.379883,-1.343584,-0.03629887104034424,local,
452,-1.3505860567092896,-1.3505859375,-1.350586,-1.340452,-0.010133981704711914,local,trajectory_extended:0.2556s
453,-1.316406011581421,-1.31640625,-1.316406,-1.33828,0.02187371253967285,local,trajectory_extended:0.2013s
454,-1.0859379768371582,-1.0859375,-1.085938,-1.33828,0.25234246253967285,local,trajectory_extended:0.2013s
455,-1.0722659826278687,-1.072265625,-1.072266,-1.335879,0.26361334323883057,local,
456,-1.042968988418579,-1.04296875,-1.042969,-1.335879,0.29291021823883057,local,
457,-1.0029300451278687,-1.0029296875,-1.00293,-1.333968,0.33103835582733154,local,trajectory_extended:0.2872s
458,-0.9873049855232239,-0.9873046875,-0.987305,-1.330634,0.3433293104171753,local,
459,-0.9594730138778687,-0.95947265625,-0.959473,-1.326817,0.36734437942504883,local,
460,-0.8867189884185791,-0.88671875,-0.886719,-1.326817,0.44009828567504883,local,
461,-0.9052730202674866,-0.9052734375,-0.905273,-1.324469,0.4191955327987671,local,
462,-0.8535159826278687,-0.853515625,-0.853516,-1.324469,0.4709533452987671,local,
463,-0.7402340173721313,-0.740234375,-0.740234,-1.319837,0.5796025991439819,local,
464,-0.7333980202674866,-0.7333984375,-0.733398,-1.319837,0.5864385366439819,local,
465,-0.6875,-0.6875,-0.6875,-1.313872,0.6263719797134399,local,
466,-1.3154300451278687,-1.3154296875,-1.31543,-1.310716,-0.004713654518127441,local,trajectory_extended:0.3678s
467,-1.3134759664535522,-1.3134765625,-1.313477,-1.310716,-0.0027605295181274414,local,
468,-1.286133050918579,-1.2861328125,-1.286133,-1.307795,0.021662235260009766,local,
469,-1.2353520393371582,-1.2353515625,-1.235352,-1.305424,0.07007241249084473,local,
470,-1.213866949081421,-1.2138671875,-1.213867,-1.302043,0.08817577362060547,local,
471,-1.1796879768371582,-1.1796875,-1.179688,-1.301152,0.12146449089050293,local,
472,-1.2910159826278687,-1.291015625,-1.291016,-1.293311,0.002295374870300293,local,
473,-1.277343988418579,-1.27734375,-1.277344,-1.274396,-0.0029478073120117188,hold:local,
474,-1.2480469942092896,-1.248046875,-1.248047,-1.274396,0.02634906768798828,hold:local,
475,-1.182616949081421,-1.1826171875,-1.182617,-1.274396,0.09177875518798828,hold:local,
476,-1.1582030057907104,-1.158203125,-1.158203,-1.262142,0.10393881797790527,local,
477,-1.1064449548721313,-1.1064453125,-1.106445,-1.262142,0.15569663047790527,local,
478,-0.75,-0.75,-0.75,-1.259233,0.5092329978942871,hold:local,
479,-0.7402340173721313,-0.740234375,-0.740234,-1.256383,0.516148567199707,local,
480,-0.7133790254592896,-0.71337890625,-0.713379,-1.255062,0.5416830778121948,local,
481,-0.6689450144767761,-0.6689453125,-0.668945,-1.253852,0.5849066972732544,local,trajectory_extended:0.3795s
482,-0.6738280057907104,-0.673828125,-0.673828,-1.253852,0.5800238847732544,local,trajectory_extended:0.3936s
483,-0.6513670086860657,-0.6513671875,-0.651367,-1.253852,0.6024848222732544,local,trajectory_extended:0.3936s
484,-1.0078120231628418,-1.0078125,-1.007812,-1.252554,0.2447415590286255,local,
485,-1.035156011581421,-1.03515625,-1.035156,-1.252554,0.2173978090286255,local,
486,-0.9814450144767761,-0.9814453125,-0.981445,-1.24872,0.26727473735809326,local,trajectory_extended:0.3310s
487,-0.8618159890174866,-0.86181640625,-0.861816,-1.241244,0.37942755222320557,local,
488,-0.8417969942092896,-0.841796875,-0.841797,-1.241244,0.39944708347320557,local,
489,-0.7734379768371582,-0.7734375,-0.773438,-1.234099,0.46066153049468994,local,
490,-1.364258050918579,-1.3642578125,-1.364258,-1.228252,-0.13600575923919678,local,trajectory_extended:0.3552s
491,-1.3251949548721313,-1.3251953125,-1.325195,-1.228252,-0.09694325923919678,local,trajectory_extended:0.3019s
492,-1.328125,-1.328125,-1.328125,-1.22473,-0.10339498519897461,local,
493,-1.2958979606628418,-1.2958984375,-1.295898,-1.220152,-0.07574641704559326,local,
494,-1.2753909826278687,-1.275390625,-1.275391,-1.217149,-0.05824160575866699,local,
495,-1.2587889432907104,-1.2587890625,-1.258789,-1.216057,-0.0427321195602417,local,
496,-0.5605469942092896,-0.560546875,-0.560547,-1.216057,0.6555100679397583,local,trajectory_extended:0.4071s
497,-0.5566409826278687,-0.556640625,-0.556641,-1.214512,0.6578713655471802,local,
498,-0.5644530057907104,-0.564453125,-0.564453,-1.214329,0.6498758792877197,local,
499,-0.5415040254592896,-0.54150390625,-0.541504,-1.212299,0.6707950830459595,local,
500,-0.5405269861221313,-0.54052734375,-0.540527,-1.212299,0.6717716455459595,local,
501,-0.5302730202674866,-0.5302734375,-0.530273,-1.210954,0.680680513381958,local,trajectory_extended:0.4738s
502,-1.0761719942092896,-1.076171875,-1.076172,-1.207963,0.1317911148071289,hold:local,
503,-1.0537110567092896,-1.0537109375,-1.053711,-1.206452,0.15274107456207275,hold:local,
504,-1.0390620231628418,-1.0390625,-1.039062,-1.206452,0.16738951206207275,hold:local,
505,-0.984375,-0.984375,-0.984375,-1.205927,0.2215520143508911,local,trajectory_extended:0.4855s
506,-0.9404299855232239,-0.9404296875,-0.94043,-1.205927,0.2654973268508911,local,trajectory_extended:0.4855s
507,-0.9228519797325134,-0.9228515625,-0.922852,-1.205402,0.2825504541397095,local,
508,-1.3066409826278687,-1.306640625,-1.306641,-1.205402,-0.10123860836029053,local,
509,-1.2675780057907104,-1.267578125,-1.267578,-1.202482,-0.06509613990783691,local,trajectory_extended:0.3614s
510,-1.234375,-1.234375,-1.234375,-1.195585,-0.038789987564086914,hold:local,
511,-1.1787110567092896,-1.1787109375,-1.178711,-1.195585,0.016874074935913086,local,
512,-1.152343988418579,-1.15234375,-1.152344,-1.191183,0.03883922100067139,local,
513,-1.089843988418579,-1.08984375,-1.089844,-1.187455,0.09761130809783936,local,
514,-0.8974609971046448,-0.8974609375,-0.897461,-1.179702,0.2822411060333252,local,
515,-0.8769530057907104,-0.876953125,-0.876953,-1.175189,0.2982358932495117,hold:local,
516,-0.8403319716453552,-0.84033203125,-0.840332,-1.175189,0.3348569869995117,local,
517,-0.8007810115814209,-0.80078125,-0.800781,-1.163477,0.36269569396972656,local,
518,-0.7939450144767761,-0.7939453125,-0.793945,-1.163477,0.36953163146972656,local,trajectory_extended:0.2559s
519,-0.7573239803314209,-0.75732421875,-0.757324,-1.15933,0.40200579166412354,local,trajectory_extended:0.2559s
520,-0.7753909826278687,-0.775390625,-0.775391,-1.151725,0.37633442878723145,hold:local,
521,-0.7695310115814209,-0.76953125,-0.769531,-1.15002,0.3804887533187866,local,
522,-0.75,-0.75,-0.75,-1.15002,0.4000200033187866,local,
523,-0.7197269797325134,-0.7197265625,-0.719727,-1.15002,0.4302934408187866,local,
524,-0.7104489803314209,-0.71044921875,-0.710449,-1.14684,0.43639075756073,local,trajectory_extended:0.3045s
525,-0.6987299919128418,-0.69873046875,-0.69873,-1.146067,0.4473365545272827,hold:local,
526,-1.198241949081421,-1.1982421875,-1.198242,-1.146067,-0.052175164222717285,hold:local,
527,-1.2265620231628418,-1.2265625,-1.226562,-1.146067,-0.08049547672271729,hold:local,
528,-1.1689449548721313,-1.1689453125,-1.168945,-1.145064,-0.02388131618499756,local,
529,-1.074218988418579,-1.07421875,-1.074219,-1.143895,0.06967628002166748,local,trajectory_extended:0.2716s
530,-1.057616949081421,-1.0576171875,-1.057617,-1.143895,0.08627784252166748,local,
531,-0.9970700144767761,-0.9970703125,-0.99707,-1.136308,0.139237642288208,local,trajectory_extended:0.3332s
532,-1.3886719942092896,-1.388671875,-1.388672,-1.128544,-0.2601279020309448,hold:local,
533,-1.386718988418579,-1.38671875,-1.386719,-1.123594,-0.2631247043609619,hold:local,
534,-1.3613280057907104,-1.361328125,-1.361328,-1.118378,-0.24295008182525635,local,
535,-1.3115240335464478,-1.3115234375,-1.311523,-1.118378,-0.19314539432525635,local,trajectory_extended:0.4798s
536,-1.2880860567092896,-1.2880859375,-1.288086,-1.11675,-0.17133593559265137,local,
537,-1.2646479606628418,-1.2646484375,-1.264648,-1.11118,-0.15346848964691162,local,
538,-1.1542969942092896,-1.154296875,-1.154297,-1.11118,-0.04311692714691162,local,
539,-1.135741949081421,-1.1357421875,-1.135742,-1.104838,-0.030904173851013184,local,trajectory_extended:0.1678s
540,-1.1308590173721313,-1.130859375,-1.130859,-1.100879,-0.02998042106628418,hold:local,
541,-1.0693360567092896,-1.0693359375,-1.069336,-1.100879,0.03154301643371582,hold:local,
542,-1.050781011581421,-1.05078125,-1.050781,-1.098572,0.0477907657623291,local,
543,-1.0166020393371582,-1.0166015625,-1.016602,-1.098366,0.08176445960998535,local,trajectory_extended:0.1286s
544,-0.453125,-0.453125,-0.453125,-1.119511,0.6663860082626343,local,
545,-0.4526369869709015,-0.45263671875,-0.452637,-1.138426,0.6857892274856567,hold:local,
546,-0.4575200080871582,-0.45751953125,-0.45752,-1.145441,0.6879215240478516,local,
547,-0.4365229904651642,-0.4365234375,-0.436523,-1.146185,0.709661602973938,local,
548,-0.43603500723838806,-0.43603515625,-0.436035,-1.146185,0.710149884223938,local,
549,-0.421875,-0.421875,-0.421875,-1.146185,0.724310040473938,local,trajectory_extended:0.4086s
550,-1.0029300451278687,-1.0029296875,-1.00293,-1.146196,0.14326632022857666,local,trajectory_extended:0.4012s
551,-1.011718988418579,-1.01171875,-1.011719,-1.145589,0.13387024402618408,local,trajectory_extended:0.3932s
552,-1.0078120231628418,-1.0078125,-1.007812,-1.144114,0.13630151748657227,hold:local,
553,-0.9838870167732239,-0.98388671875,-0.983887,-1.142379,0.1584923267364502,hold:local,
554,-0.9858400225639343,-0.98583984375,-0.98584,-1.140845,0.1550050973892212,local,
555,-0.9794920086860657,-0.9794921875,-0.979492,-1.138934,0.15944182872772217,local,
556,-1.3994139432907104,-1.3994140625,-1.399414,-1.136007,-0.2634071111679077,local,trajectory_extended:0.3253s
557,-1.394531011581421,-1.39453125,-1.394531,-1.133081,-0.26145029067993164,local,trajectory_extended:0.3708s
558,-1.3886719942092896,-1.388671875,-1.388672,-1.128196,-0.26047587394714355,hold:local,
559,-1.3662110567092896,-1.3662109375,-1.366211,-1.126042,-0.24016892910003662,local,
560,-1.3652340173721313,-1.365234375,-1.365234,-1.126042,-0.23919236660003662,local,
561,-1.3613280057907104,-1.361328125,-1.361328,-1.123653,-0.23767507076263428,local,
562,-0.8051760196685791,-0.80517578125,-0.805176,-1.123653,0.3184772729873657,local,
563,-0.8134769797325134,-0.8134765625,-0.813477,-1.123653,0.3101764917373657,local,trajectory_extended:0.3199s
564,-0.8183590173721313,-0.818359375,-0.818359,-1.119842,0.3014826774597168,local,trajectory_extended:0.2606s
565,-0.7905269861221313,-0.79052734375,-0.790527,-1.119411,0.32888364791870117,local,
566,-0.7915040254592896,-0.79150390625,-0.791504,-1.119328,0.32782411575317383,local,trajectory_extended:0.3496s
567,-0.7871090173721313,-0.787109375,-0.787109,-1.119393,0.332283616065979,local,
568,-0.9931640028953552,-0.9931640625,-0.993164,-1.119393,0.126228928565979,local,
569,-1.0,-1.0,-1.0,-1.119428,0.11942803859710693,hold:local,
570,-1.0009770393371582,-1.0009765625,-1.000977,-1.119458,0.11848139762878418,local,
571,-0.9873049855232239,-0.9873046875,-0.987305,-1.119458,0.13215327262878418,local,
572,-0.9892579913139343,-0.9892578125,-0.989258,-1.119458,0.13020014762878418,local,
573,-0.9897459745407104,-0.98974609375,-0.989746,-1.119458,0.12971186637878418,local,
574,-1.4199219942092896,-1.419921875,-1.419922,-1.119458,-0.3004639148712158,local,
575,-1.417968988418579,-1.41796875,-1.417969,-1.11813,-0.2998387813568115,local,
576,-1.4150389432907104,-1.4150390625,-1.415039,-1.11813,-0.2969090938568115,local,
577,-1.4072259664535522,-1.4072265625,-1.407227,-1.115694,-0.2915325164794922,local,
578,-1.401366949081421,-1.4013671875,-1.401367,-1.114254,-0.2871131896972656,local,
579,-1.402343988418579,-1.40234375,-1.402344,-1.113039,-0.2893047332763672,local,
580,-1.129883050918579,-1.1298828125,-1.129883,-1.113039,-0.016843795776367188,local,
581,-1.1328120231628418,-1.1328125,-1.132812,-1.108166,-0.024646520614624023,local,
582,-1.128906011581421,-1.12890625,-1.128906,-1.108166,-0.020740270614624023,local,
583,-1.0947259664535522,-1.0947265625,-1.094727,-1.104396,0.00966942310333252,local,
584,-1.0869139432907104,-1.0869140625,-1.086914,-1.104396,0.01748192310333252,local,
585,-1.0800780057907104,-1.080078125,-1.080078,-1.102183,0.022104859352111816,local,
586,-1.0625,-1.0625,-1.0625,-1.098065,0.03556501865386963,local,
587,-1.066406011581421,-1.06640625,-1.066406,-1.098065,0.03165876865386963,local,
588,-1.066406011581421,-1.06640625,-1.066406,-1.097038,0.03063178062438965,local,
589,-1.051758050918579,-1.0517578125,-1.051758,-1.097038,0.04528021812438965,local,
590,-1.0498050451278687,-1.0498046875,-1.049805,-1.093593,0.04378831386566162,local,
591,-1.0478520393371582,-1.0478515625,-1.047852,-1.093593,0.04574143886566162,local,
592,-1.3251949548721313,-1.3251953125,-1.325195,-1.09066,-0.2345353364944458,local,
593,-1.3349610567092896,-1.3349609375,-1.334961,-1.09066,-0.2443009614944458,local,
594,-1.333008050918579,-1.3330078125,-1.333008,-1.083256,-0.24975180625915527,local,
595,-1.3300780057907104,-1.330078125,-1.330078,-1.078046,-0.25203216075897217,local,
596,-1.3339840173721313,-1.333984375,-1.333984,-1.078046,-0.25593841075897217,local,
597,-1.3310550451278687,-1.3310546875,-1.331055,-1.077297,-0.2537577152252197,local,
598,-1.5058590173721313,-1.505859375,-1.505859,-1.077297,-0.4285624027252197,local,
599,-1.510741949081421,-1.5107421875,-1.510742,-1.07702,-0.4337221384048462,local,trajectory_extended:0.1846s
600,-1.5058590173721313,-1.505859375,-1.505859,-1.075657,-0.4302023649215698,local,
601,-1.5058590173721313,-1.505859375,-1.505859,-1.074152,-0.43170738220214844,hold:local,
602,-1.5078120231628418,-1.5078125,-1.507812,-1.070742,-0.43707048892974854,local,trajectory_extended:0.2256s
603,-1.503906011581421,-1.50390625,-1.503906,-1.066524,-0.43738222122192383,local,
604,-1.535156011581421,-1.53515625,-1.535156,-1.063869,-0.47128725051879883,local,
605,-1.5390620231628418,-1.5390625,-1.539062,-1.05873,-0.48033249378204346,local,
606,-1.536133050918579,-1.5361328125,-1.536133,-1.052736,-0.4833967685699463,local,trajectory_extended:0.1336s
607,-1.5341800451278687,-1.5341796875,-1.53418,-1.052736,-0.4814436435699463,local,trajectory_extended:0.3611s
608,-1.5332030057907104,-1.533203125,-1.533203,-1.052293,-0.48091018199920654,local,
609,-1.5332030057907104,-1.533203125,-1.533203,-1.048901,-0.4843021631240845,hold:local,
610,-1.5703120231628418,-1.5703125,-1.570312,-1.046653,-0.5236594676971436,hold:local,
611,-1.5703120231628418,-1.5703125,-1.570312,-1.041838,-0.5284744501113892,local,
612,-1.5703120231628418,-1.5703125,-1.570312,-1.039508,-0.5308045148849487,soft,soft_ik:p=0.0005;r=5.8;n=9;trajectory_extended:0.3834s
613,-1.5693360567092896,-1.5693359375,-1.569336,-1.039231,-0.5301049947738647,soft,
614,-1.5703120231628418,-1.5703125,-1.570312,-1.037685,-0.5326274633407593,hold:soft,
615,-1.5703120231628418,-1.5703125,-1.570312,-1.037685,-0.5326274633407593,soft,
